chicken bouillon,http://2tarelki.ru/?p=107
potato beef soup,http://2tarelki.ru/?p=8985
mushroom soup,http://2tarelki.ru/?p=7073
cabbage soup,http://2tarelki.ru/?p=8251
lentil cream soup with croutons,http://2tarelki.ru/?p=35342
borsch,http://2tarelki.ru/?p=826
beef stew,http://2tarelki.ru/?p=17271
chiken,http://2tarelki.ru/?p=10779
meat and vegetable meatballs,http://2tarelki.ru/?p=14686
stewed turkey in sour cream sauce,http://2tarelki.ru/?p=17136
chicken cutlets "ПОЖАРСКИЕ",http://2tarelki.ru/?p=6333
fried chicken with mashed peas,http://2tarelki.ru/?p=17180
pork roast with onions,http://2tarelki.ru/?p=11680
frittata with sausage and cheese,http://2tarelki.ru/?p=17234
liver in sour cream,http://2tarelki.ru/?p=23285
salmon in foil,http://2tarelki.ru/?p=800
meat loaf or lazy cutlets,http://2tarelki.ru/?p=17861
homemade cutlets,http://2tarelki.ru/?p=28472
roast chicken,http://2tarelki.ru/?p=8325
pasta with mushrooms,http://2tarelki.ru/?p=9676
chicken fritters,http://2tarelki.ru/?p=3003
fried potatoes,http://2tarelki.ru/?p=5562
rustic potatoes,http://2tarelki.ru/?p=1987
mashed potatoes,http://2tarelki.ru/?p=10817
spicy cabbage salad,http://2tarelki.ru/?p=322
greek salad,http://2tarelki.ru/?p=20495
spicy salad with beans and corn,http://2tarelki.ru/?p=7882
vegetable salad with couscous,http://2tarelki.ru/?p=9576
cabbage salad,http://2tarelki.ru/?p=14651
vinaigrette,http://2tarelki.ru/?p=1321
salsa salad,http://2tarelki.ru/?p=11075
cheesecakes,http://2tarelki.ru/?p=99
croutons,http://2tarelki.ru/?p=636
apple pie charlotte,http://2tarelki.ru/?p=638
apple pie,http://2tarelki.ru/?p=5954
fritters,http://2tarelki.ru/?p=13234
waffles,http://2tarelki.ru/?p=17905
delicious pancakes,http://2tarelki.ru/?p=14426
berry semolina cake,http://2tarelki.ru/?p=9042
fruit salad,http://2tarelki.ru/?p=836
compote with red grapes,http://2tarelki.ru/?p=4801
salted watermelon,http://2tarelki.ru/?p=24813